wave,yval,yerrLow,yerrUpp
0.5045753121376038,nan,nan,nan
0.5071677565574646,nan,nan,nan
0.5097814202308655,nan,nan,nan
0.5124592781066895,nan,nan,nan
0.5151512026786804,nan,nan,nan
0.5179194211959839,nan,nan,nan
0.5207031965255737,nan,nan,nan
0.5235554575920105,nan,nan,nan
0.5264405608177185,nan,nan,nan
0.5293748378753662,nan,nan,nan
0.5323672294616699,nan,nan,nan
0.5353875756263733,nan,nan,nan
0.5384904146194458,nan,nan,nan
0.5416291952133179,nan,nan,nan
0.5448179841041565,nan,nan,nan
0.5480808615684509,nan,nan,nan
0.5513853430747986,nan,nan,nan
0.5547502636909485,nan,nan,nan
0.558189868927002,nan,nan,nan
0.561679482460022,nan,nan,nan
0.5652258396148682,nan,nan,nan
0.5688615441322327,nan,nan,nan
0.5725557208061218,nan,nan,nan
0.5763119459152222,nan,nan,nan
0.5801398754119873,nan,nan,nan
0.5840581059455872,nan,nan,nan
0.5880468487739563,nan,nan,nan
0.592109739780426,nan,nan,nan
0.5962505340576172,nan,nan,nan
0.5999084711074829,nan,nan,nan
0.6042184233665466,0.016552625818802274,0.04444502310783469,0.04444502310783469
0.6086143255233765,0.013869802834558827,0.001049965870450242,0.001049965870450242
0.6130998730659485,0.01183396964107021,0.000959561745043279,0.000959561745043279
0.6176785826683044,0.010387951191172654,0.0009613975653683204,0.0009613975653683204
0.6223540902137756,0.008899866134184949,0.0008584676338453455,0.0008584676338453455
0.6271299719810486,0.010882655438730526,0.0009739649024997764,0.0009739649024997764
0.6320096850395203,0.016614877094856494,0.0011176279136640313,0.0011176279136640313
0.6369968056678772,0.018939656889943035,0.0010971977799888676,0.0010971977799888676
0.6420947909355164,0.023562497458232887,0.0013039916079506477,0.0013039916079506477
0.6473071575164795,0.02678776210816806,0.0012201081457919821,0.0012201081457919821
0.6526373028755188,0.04001285207265098,0.0013157567151497178,0.0013157567151497178
0.6580886244773865,0.037948607235258676,0.0012482223579849514,0.0012482223579849514
0.6636645197868347,0.03253029300240255,0.0011951369806674262,0.0011951369806674262
0.669368326663971,0.02881357896306269,0.0011139852578501894,0.0011139852578501894
0.675203263759613,0.028746530768870245,0.0010221988970859027,0.0010221988970859027
0.6811845898628235,0.03311484323710107,0.0010327926882367404,0.0010327926882367404
0.6873130202293396,0.04254567918871735,0.0012026982574346533,0.0012026982574346533
0.6935845613479614,0.05604152732314687,0.0012448081638529683,0.0012448081638529683
0.7000020742416382,0.07379350348386786,0.0012738633296724671,0.0012738633296724671
0.706586480140686,0.0665035923434632,0.001198867960853141,0.001198867960853141
0.7133364677429199,0.05068261658722008,0.0011076129341796494,0.0011076129341796494
0.7202436327934265,0.06297547822580428,0.0011494123561941294,0.0011494123561941294
0.7273397445678711,0.09561345718154016,0.001227756496490134,0.001227756496490134
0.7346079349517822,0.15154141157354342,0.001403181179635219,0.001403181179635219
0.7420661449432373,0.18827945933653062,0.0014780272527051368,0.0014780272527051368
0.749714732170105,0.20628566928080586,0.0015189506530806681,0.0015189506530806681
0.7575668692588806,0.20385695091281403,0.0014719545256134951,0.0014719545256134951
0.7656139135360718,0.13226707850460537,0.0012575804022697133,0.0012575804022697133
0.7738898992538452,0.11613866158294316,0.0011473780793748154,0.0011473780793748154
0.7823761105537415,0.14873495813324883,0.0012224384843425296,0.0012224384843425296
0.7910832166671753,0.17045843985697143,0.0012621257925154367,0.0012621257925154367
0.8000330328941345,0.22467910883489725,0.0013786093559326861,0.0013786093559326861
0.8092232346534729,0.33303403553918826,0.0015726175137978462,0.0015726175137978462
0.8186588287353516,0.44173966426713057,0.0018289450406469567,0.0018289450406469567
0.8283484578132629,0.4143540771733455,0.0016779168163716177,0.0016779168163716177
0.8383007645606995,0.3926997097993255,0.0015952627118270828,0.0015952627118270828
0.8485249280929565,0.32315226919205237,0.001497490349687437,0.001497490349687437
0.8590253591537476,0.32989613692871234,0.001470336069276555,0.001470336069276555
0.86980801820755,0.3908656824678747,0.001553951205447163,0.001553951205447163
0.8808780908584595,0.48979840426906984,0.001689324071421757,0.001689324071421757
0.8922543525695801,0.48903417754449874,0.001635017566795836,0.001635017566795836
0.9039306044578552,0.5851707253493917,0.0017933447269339545,0.0017933447269339545
0.9159084558486938,0.6318158250749403,0.0016938549987363688,0.0016938549987363688
0.9282116889953613,0.6821562787844567,0.0017166232988053787,0.0017166232988053787
0.940824031829834,0.6893070341963802,0.0017258963127316591,0.0017258963127316591
0.9537689089775085,0.7413032398806018,0.001683340547319265,0.001683340547319265
0.9670335650444031,0.7815475903721538,0.0016607022782126547,0.0016607022782126547
0.9806298613548279,0.7967429479763816,0.0016155470063466757,0.0016155470063466757
0.9945611357688904,0.7714016388909176,0.0015155714568371621,0.0015155714568371621
1.008823037147522,0.8125167126694971,0.001556319415422286,0.001556319415422286
1.0234169960021973,0.7901910108078483,0.0014410765011242976,0.0014410765011242976
1.0383427143096924,0.8313345429863371,0.002105741719098377,0.002105741719098377
1.0535982847213745,0.8298234655227842,0.0016231669507473603,0.0016231669507473603
1.069179892539978,0.8704577361154661,0.0015569157052813542,0.0015569157052813542
1.0850794315338135,0.9846617019850807,0.0018318864887560482,0.0018318864887560482
1.1012927293777466,0.9866463972580117,0.0017146790118651146,0.0017146790118651146
1.1178200244903564,0.8911362676548367,0.0015909838487966055,0.0015909838487966055
1.134645938873291,0.9241101955620982,0.0017967101220920125,0.0017967101220920125
1.1517610549926758,0.890293938771891,0.0016982838341679527,0.0016982838341679527
1.1691619157791138,0.9367908616652199,0.0015928758450164248,0.0015928758450164248
1.186828374862671,0.8241827099233038,0.001352717529993709,0.001352717529993709
1.204756259918213,0.8242682309719347,0.0016078118481815417,0.0016078118481815417
1.2229266166687012,0.8734546552036628,0.0016465707239196013,0.0016465707239196013
1.2413266897201538,0.898547211562757,0.0016459277313149866,0.0016459277313149866
1.2599456310272217,0.9166192139076209,0.0016599605714260864,0.0016599605714260864
1.2787644863128662,0.9696744788326463,0.0017369139186521718,0.0017369139186521718
1.2977685928344727,0.950682872164765,0.0016675973740117806,0.0016675973740117806
1.3169487714767456,0.8318579253295204,0.0014780424291994231,0.0014780424291994231
1.336289405822754,0.7610781470675664,0.001528710255473736,0.001528710255473736
1.3557696342468262,0.6227545689040842,0.0012976848249069005,0.0012976848249069005
1.375373363494873,0.624618290402115,0.0010330944469101621,0.0010330944469101621
1.3950854539871216,0.5524851791837446,0.0010064883241875128,0.0010064883241875128
1.4148907661437988,0.5263589443905514,0.0009013160916823834,0.0009013160916823834
1.4347748756408691,0.577907723728796,0.0008994701032836561,0.0008994701032836561
1.454723834991455,0.5482998616366179,0.0008714138845448825,0.0008714138845448825
1.4747239351272583,0.5350738451445247,0.0009725294035238815,0.0009725294035238815
1.4947621822357178,0.5726167159441788,0.0010312828923648694,0.0010312828923648694
1.5148264169692993,0.5371369917820955,0.0009960556092627336,0.0009960556092627336
1.534904956817627,0.528377615491998,0.0008492241157096486,0.0008492241157096486
1.5549827814102173,0.5625897903334018,0.000820900062254524,0.000820900062254524
1.5750514268875122,0.6105457785246953,0.0010428064731363648,0.0010428064731363648
1.59510338306427,0.6903235360579442,0.001122410296287719,0.001122410296287719
1.6151297092437744,0.6091611078311326,0.000967533023588613,0.000967533023588613
1.6351220607757568,0.6375017330952664,0.0009957555601009815,0.0009957555601009815
1.6550729274749756,0.5964557345711896,0.0009422219739583133,0.0009422219739583133
1.6749749183654785,0.6057421638246228,0.0009691004346141479,0.0009691004346141479
1.6948219537734985,0.6146049857386188,0.0009606648571243073,0.0009606648571243073
1.714607834815979,0.5450262072841683,0.0009115880662653933,0.0009115880662653933
1.7343274354934692,0.5661439942858564,0.0009371862643537615,0.0009371862643537615
1.7539758682250977,0.5077808809125155,0.0009041015349307568,0.0009041015349307568
1.7735487222671509,0.4550814328672782,0.0008557174745564176,0.0008557174745564176
1.7930500507354736,0.4382722065183137,0.0006718155019851674,0.0006718155019851674
1.812469720840454,0.37963885996105856,0.0006123989653440455,0.0006123989653440455
1.8318034410476685,0.3810055925466803,0.0006316164469851714,0.0006316164469851714
1.8510479927062988,0.34036628226853555,0.000592155326193692,0.000592155326193692
1.8702008724212646,0.32528917134508917,0.0005596836397644893,0.0005596836397644893
1.8892605304718018,0.3437389042337769,0.0005970198731964707,0.0005970198731964707
1.9082252979278564,0.33130439342967094,0.0005730975969872214,0.0005730975969872214
1.927093744277954,0.3412595372940515,0.0005985093650177083,0.0005985093650177083
1.9458640813827515,0.34291261232298503,0.000603705389966401,0.000603705389966401
1.9645347595214844,0.33973614899698873,0.000592822452828049,0.000592822452828049
1.983106255531311,0.32044401851431337,0.0005849837220233757,0.0005849837220233757
2.0015780925750732,0.28595982811829107,0.0005440394272929862,0.0005440394272929862
2.0199522972106934,0.2882732736467429,0.0005428256869914405,0.0005428256869914405
2.0382299423217773,0.3054740164729639,0.0005479043547152105,0.0005479043547152105
2.0564074516296387,0.30120590351299276,0.0007854820565336336,0.0007854820565336336
2.074481725692749,0.2839285211646647,0.0005514985775198906,0.0005514985775198906
2.0924556255340576,0.3054862614703528,0.0005703429180740602,0.0005703429180740602
2.110327959060669,0.30484052547500845,0.0006615722318295235,0.0006615722318295235
2.128099203109741,0.3181190081386055,0.0005954770301279995,0.0005954770301279995
2.145770311355591,0.30838696380239977,0.0004994502709592934,0.0004994502709592934
2.1633403301239014,0.32977146582397954,0.0005332164595487314,0.0005332164595487314
2.180811643600464,0.35013226540988546,0.0005634003977226809,0.0005634003977226809
2.1981828212738037,0.3056002381696403,0.0005270610641122417,0.0005270610641122417
2.215456247329712,0.3362677823370308,0.0005561982762414863,0.0005561982762414863
2.232631206512451,0.3269606414261283,0.0005758436679585608,0.0005758436679585608
2.249706268310547,0.3167992701029829,0.000527250037819317,0.000527250037819317
2.266672134399414,0.34688234113338523,0.0005531775721790861,0.0005531775721790861
2.283541202545166,0.3026980725646468,0.0004930499397267748,0.0004930499397267748
2.3003170490264893,0.28446975407465563,0.0004927967384424726,0.0004927967384424726
2.3169989585876465,0.2810013148710843,0.0004842754807625995,0.0004842754807625995
2.333587408065796,0.26104642460822935,0.00047798568747827716,0.00047798568747827716
2.3500847816467285,0.23694352529996648,0.00045428201281834634,0.00045428201281834634
2.3664915561676025,0.23634389345045823,0.0004387164022016305,0.0004387164022016305
2.3828070163726807,0.2419723096827527,0.00046186845725303225,0.00046186845725303225
2.399033546447754,0.22495215579801933,0.00043730163232558867,0.00043730163232558867
2.415172576904297,0.2186912298256716,0.000652225374175764,0.000652225374175764
2.4312243461608887,0.20687853229326875,0.00043181369312032835,0.00043181369312032835
2.447188377380371,0.1898200877510106,0.00039772504495245314,0.00039772504495245314
2.4630675315856934,0.17907065049139628,0.0003961433560566647,0.0003961433560566647
2.478862762451172,0.1722346682694911,0.0003958796949631049,0.0003958796949631049
2.494584321975708,0.15620412953397908,0.00036556000251484615,0.00036556000251484615
2.510226011276245,0.14673579267589917,0.00035626724230878703,0.00035626724230878703
2.5257856845855713,0.13901603419956787,0.00033861480755384286,0.00033861480755384286
2.541264295578003,0.13414355265836456,0.0003323205944410187,0.0003323205944410187
2.556662082672119,0.1405647890485857,0.00035167701756585155,0.00035167701756585155
2.5719807147979736,0.13674842030122047,0.0003418212751281824,0.0003418212751281824
2.5872209072113037,0.13376231720853193,0.0003374010710164494,0.0003374010710164494
2.602383852005005,0.13049999623832143,0.00033028555151048993,0.00033028555151048993
2.6174700260162354,0.12933480348429272,0.0003246985554135588,0.0003246985554135588
2.6324806213378906,0.12731541747404138,0.00032129280341571697,0.00032129280341571697
2.647416353225708,0.12424921912197248,0.0003136646673746899,0.0003136646673746899
2.662278175354004,0.14584302420868328,0.00035790122977089436,0.00035790122977089436
2.6770670413970947,0.13502941948497135,0.0003403712550413492,0.0003403712550413492
2.6917834281921387,0.1245281842262717,0.0003280230438022243,0.0003280230438022243
2.706428050994873,0.12442881940817008,0.00032647534927915937,0.00032647534927915937
2.720996856689453,0.11167707672919149,0.00030594898794747064,0.00030594898794747064
2.735483169555664,0.10829191978460988,0.0003060812578612463,0.0003060812578612463
2.7499005794525146,0.11502707514583918,0.0003276820997907334,0.0003276820997907334
2.7642502784729004,0.10707211025044482,0.0003166715275766779,0.0003166715275766779
2.7785327434539795,0.11218505654365783,0.0003269825950572421,0.0003269825950572421
2.7927486896514893,0.10734439220831282,0.00031792932036501294,0.00031792932036501294
2.806899309158325,0.10057052408360372,0.00029819426436544305,0.00029819426436544305
2.8209853172302246,0.09934199819141784,0.00029911507209516434,0.00029911507209516434
2.835005760192871,0.10280195460919539,0.00030831118152285976,0.00030831118152285976
2.8489627838134766,0.09541881133805206,0.00029005940440990504,0.00029005940440990504
2.8628575801849365,0.0968553340762773,0.00029549410193284355,0.00029549410193284355
2.876690626144409,0.09378641625757964,0.00027854452768993,0.00027854452768993
2.8904619216918945,0.0930611356585546,0.0002847776066473245,0.0002847776066473245
2.9041717052459717,0.09613499499393086,0.00029511773477926284,0.00029511773477926284
2.9178218841552734,0.08941517289420474,0.0002815618991063864,0.0002815618991063864
2.931413412094116,0.088962190506781,0.0002802650871842965,0.0002802650871842965
2.9449455738067627,0.08461909681924391,0.00026779612976701495,0.00026779612976701495
2.958423614501953,0.08533771281252094,0.0002734062375520457,0.0002734062375520457
2.9718494415283203,0.08884140848451241,0.0002855743559709391,0.0002855743559709391
2.9852182865142822,0.08958186342189428,0.0002861388165439067,0.0002861388165439067
2.9985296726226807,0.0856153844695929,0.0002691364203418392,0.0002691364203418392
3.011786460876465,0.08530958542883998,0.00027715873266920954,0.00027715873266920954
3.0249876976013184,0.09064524318348849,0.0003171633065259365,0.0003171633065259365
3.0381338596343994,0.08663510319290683,0.0002736837000620872,0.0002736837000620872
3.05122709274292,0.08739251882436286,0.00028437229403695437,0.00028437229403695437
3.064265727996826,0.08209454116847922,0.000268157366419664,0.000268157366419664
3.077252149581909,0.086413547069228,0.0002758554662433084,0.0002758554662433084
3.090186595916748,0.08530315380827905,0.00027065184246105253,0.00027065184246105253
3.1030683517456055,0.08277444170317497,0.0002639177070038622,0.0002639177070038622
3.1159002780914307,0.0822017983900217,0.00026545359997100806,0.00026545359997100806
3.1286795139312744,0.09132258296938114,0.0002942105372903821,0.0002942105372903821
3.1414103507995605,0.0810238752746965,0.0002557892306785292,0.0002557892306785292
3.154090404510498,0.08400558208633872,0.00028455583872969776,0.00028455583872969776
3.166721820831299,0.07680319553808082,0.0002504674323818245,0.0002504674323818245
3.179304361343384,0.08479824202061095,0.0002760846138762275,0.0002760846138762275
3.1918394565582275,0.08272093468954297,0.00026700598107288565,0.00026700598107288565
3.20432710647583,0.07653691155833026,0.00025762186752591437,0.00025762186752591437
3.2167675495147705,0.08227748955933199,0.0002635451539294095,0.0002635451539294095
3.229161262512207,0.08503287802367963,0.00027356290635144836,0.00027356290635144836
3.241508960723877,0.08198396073093822,0.00026550791639018585,0.00026550791639018585
3.253810167312622,0.08510082542528287,0.0002675363494414853,0.0002675363494414853
3.2660670280456543,0.08221162984806901,0.0002565835880918644,0.0002565835880918644
3.278277635574341,0.07915608747171352,0.00025536458577758486,0.00025536458577758486
3.29044508934021,0.08141173408094818,0.0002620554442375409,0.0002620554442375409
3.30256724357605,0.08235449010502312,0.0002606463328603334,0.0002606463328603334
3.3146464824676514,0.08461974824676487,0.0002728491690082401,0.0002728491690082401
3.3266823291778564,0.0834619507652892,0.00026867649865266297,0.00026867649865266297
3.338675022125244,0.08083444680294323,0.00025752976955233743,0.00025752976955233743
3.350626230239868,0.0833566757263996,0.0002649512129262749,0.0002649512129262749
3.3625340461730957,0.07949744080550182,0.0002548559640598923,0.0002548559640598923
3.374401092529297,0.08797348180372595,0.0002858506923987124,0.0002858506923987124
3.3862271308898926,0.08012579306083262,0.000253363337952477,0.000253363337952477
3.3980112075805664,0.07930711070911256,0.0002539243883620322,0.0002539243883620322
3.4097559452056885,0.0800307815994515,0.00025445719656517715,0.00025445719656517715
3.421459674835205,0.08047812562049407,0.0002619837397146073,0.0002619837397146073
3.4331157207489014,0.07899769012883623,0.00025055385940874364,0.00025055385940874364
3.444733142852783,0.08194163986755736,0.00026485693567419367,0.00026485693567419367
3.4563114643096924,0.07830820563869159,0.000256337423529612,0.000256337423529612
3.46785044670105,0.08018463679286651,0.00025900167131099596,0.00025900167131099596
3.4793519973754883,0.08439907842612238,0.00026765416870088094,0.00026765416870088094
3.4908158779144287,0.07771168854440991,0.000254605632795337,0.000254605632795337
3.5022411346435547,0.0768833893592923,0.0002493182360985882,0.0002493182360985882
3.51362943649292,0.08372338666411465,0.0002735126454392566,0.0002735126454392566
3.5249814987182617,0.08045264112026464,0.00026698026010662796,0.00026698026010662796
3.5362963676452637,0.07872129081337936,0.00025947313097332103,0.00025947313097332103
3.547574758529663,0.08026741826347783,0.00025983706607513013,0.00025983706607513013
3.5588173866271973,0.07457570578487516,0.0002440266233283101,0.0002440266233283101
3.5700249671936035,0.07788427851220274,0.0002624931154074418,0.0002624931154074418
3.5811965465545654,0.07909033773729925,0.00026273094575428183,0.00026273094575428183
3.592332601547241,0.07904585677471516,0.000259100223965989,0.000259100223965989
3.6034343242645264,0.07408146662118477,0.00024902352618502043,0.00024902352618502043
3.614501953125,0.07454814887402965,0.0002507184098849646,0.0002507184098849646
3.625535726547241,0.07271597031466828,0.0002467460887515186,0.0002467460887515186
3.6365344524383545,0.07673021502364938,0.00025891846525691607,0.00025891846525691607
3.6474997997283936,0.07493417350956279,0.00026003766188815655,0.00026003766188815655
3.658433675765991,0.07047184483883714,0.0002727622715650119,0.0002727622715650119
3.669339895248413,0.0727767839780181,0.00024647014426741045,0.00024647014426741045
3.680213689804077,0.07135469824990869,0.00024422458641325945,0.00024422458641325945
3.691054105758667,0.07355183975072228,0.0002532034791577129,0.0002532034791577129
3.701862096786499,0.07274667362625845,0.0002497333867620154,0.0002497333867620154
3.7126381397247314,0.07728170476907033,0.0002579834266149067,0.0002579834266149067
3.7233824729919434,0.07214578412651129,0.0002463711165458583,0.0002463711165458583
3.734095573425293,0.0707148914445734,0.00024038980851967992,0.00024038980851967992
3.7447774410247803,0.06926994855601562,0.00023472480104436453,0.00023472480104436453
3.7554283142089844,0.07399786910736143,0.00025446808363481445,0.00025446808363481445
3.766047477722168,0.07054391668064311,0.0002465555495060463,0.0002465555495060463
3.7766363620758057,0.07330839249617313,0.000246350948862814,0.000246350948862814
3.7871947288513184,0.07135222768426265,0.0002435517270455724,0.0002435517270455724
3.7977232933044434,0.07084403233715754,0.00024373822138969723,0.00024373822138969723
3.8082220554351807,0.06914133636194846,0.00024499227989492763,0.00024499227989492763
3.8186912536621094,0.06988698595994654,0.00024180863610741402,0.00024180863610741402
3.8291308879852295,0.07292209688885733,0.0002531279617161911,0.0002531279617161911
3.8395416736602783,0.06788222567283134,0.00024180515794044967,0.00024180515794044967
3.8499233722686768,0.069082320845317,0.00024754257579080957,0.00024754257579080957
3.860276222229004,0.07012003085241317,0.00024685131125206104,0.00024685131125206104
3.8706002235412598,0.07168233295544904,0.0002472301663592949,0.0002472301663592949
3.8808960914611816,0.06537651304380865,0.000229771324017197,0.000229771324017197
3.8911638259887695,0.06626494913790389,0.00023727662252310403,0.00023727662252310403
3.9014086723327637,0.06663512790661671,0.00024159105302291382,0.00024159105302291382
3.911625862121582,0.06500480109871548,0.0002394935533577027,0.0002394935533577027
3.9218156337738037,0.06445989715271369,0.00023218423873797592,0.00023218423873797592
3.9319777488708496,0.06728959477100122,0.0002545351987976788,0.0002545351987976788
3.942112922668457,0.06376404945991626,0.00023480121379870593,0.00023480121379870593
3.952221393585205,0.06145828341818599,0.00023322010084919685,0.00023322010084919685
3.9623026847839355,0.05763517050841664,0.00022119836993318744,0.00022119836993318744
3.972357749938965,0.058237831680708924,0.00022067650151166276,0.00022067650151166276
3.982386350631714,0.05891309060563142,0.00023819033305545916,0.00023819033305545916
3.9923887252807617,0.05738642932961891,0.00022643122061854467,0.00022643122061854467
4.0023651123046875,0.05923645937709306,0.00022457137860386187,0.00022457137860386187
4.01231575012207,0.060828370631334096,0.0002318422660456054,0.0002318422660456054
4.02224063873291,0.057316023745118135,0.00022805167250330793,0.00022805167250330793
4.032140254974365,0.05920339772121993,0.00022873203526404688,0.00022873203526404688
4.0420145988464355,0.05461689170980094,0.00021911929331105417,0.00021911929331105417
4.051863670349121,0.05573867695589448,0.00022792093375772674,0.00022792093375772674
4.06168794631958,0.05217118132520121,0.00021505432179218787,0.00021505432179218787
4.0714874267578125,0.053537387927163956,0.00021770175211269856,0.00021770175211269856
4.081262111663818,0.04912747500815277,0.00020713755430987947,0.00020713755430987947
4.091012954711914,0.04978868116047837,0.00020912337667385652,0.00020912337667385652
4.100739002227783,0.05282477548388199,0.00022204650231985658,0.00022204650231985658
4.110441207885742,0.052853444618268,0.00022974826997010814,0.00022974826997010814
4.120119094848633,0.050401071071118686,0.00023432553218015676,0.00023432553218015676
4.129772186279297,0.05101522296882897,0.00021889523330592887,0.00021889523330592887
4.139398574829102,0.051168285279507085,0.00022000830336304594,0.00022000830336304594
4.1490020751953125,0.04975523854429912,0.0002171993791594934,0.0002171993791594934
4.1585822105407715,0.045850914069896914,0.0002007863626997436,0.0002007863626997436
4.1681389808654785,0.04778928658123519,0.0002090450898030863,0.0002090450898030863
4.177672863006592,0.0458683937269136,0.00020203442281849907,0.00020203442281849907
4.1871843338012695,0.04400927730343861,0.00019598196700189847,0.00019598196700189847
4.1966729164123535,0.04634865631364763,0.00020303362438437364,0.00020303362438437364
4.206139087677002,0.044684224505081825,0.00019927938244051528,0.00019927938244051528
4.215583324432373,0.04395663126349893,0.0001949012100237248,0.0001949012100237248
4.22500467300415,0.043585558347086197,0.00022125519677879593,0.00022125519677879593
4.234403610229492,0.04251310513082861,0.00019617594262326223,0.00019617594262326223
4.243780612945557,0.04273808378937469,0.00021677309667484862,0.00021677309667484862
4.253136157989502,0.04271942846813805,0.00020388809703154168,0.00020388809703154168
4.262470245361328,0.04481568338459791,0.0002097027626009764,0.0002097027626009764
4.271782875061035,0.042490538361242766,0.0002003013334055236,0.0002003013334055236
4.281074047088623,0.0423330174535528,0.00020354775059113907,0.00020354775059113907
4.290343761444092,0.040986667799056284,0.00019856914026113404,0.00019856914026113404
4.299592018127441,0.039467879969857234,0.0001967033226397753,0.0001967033226397753
4.30881929397583,0.04074436731775759,0.00019920074577150105,0.00019920074577150105
4.318025588989258,0.038288562131974214,0.00018732291140399272,0.00018732291140399272
4.327211856842041,0.03900899323319278,0.00023817737539851943,0.00023817737539851943
4.336377143859863,0.038728663583069665,0.00023177678148457117,0.00023177678148457117
4.345522403717041,0.03671980471363356,0.0001858656625558851,0.0001858656625558851
4.3546462059021,0.03494961194411067,0.00018576645353781838,0.00018576645353781838
4.363748550415039,0.036055530317673855,0.0001994061589331812,0.0001994061589331812
4.372827053070068,0.033923592235308664,0.00018027503503600253,0.00018027503503600253
4.381886005401611,0.03168056755495975,0.00018422262175123616,0.00018422262175123616
4.39092493057251,0.034297177557626145,0.00018152601637272652,0.00018152601637272652
4.399944305419922,0.032607365701733684,0.0001783062667561068,0.0001783062667561068
4.408943176269531,0.03135186433365336,0.00017560691425756413,0.00017560691425756413
4.4179229736328125,0.03273339222057557,0.00017756499702875988,0.00017756499702875988
4.426883697509766,0.03257189546332839,0.00018081577775924318,0.00018081577775924318
4.435825347900391,0.029676722925019116,0.0001718288379445038,0.0001718288379445038
4.444747447967529,0.029545492163136032,0.00016933793125370233,0.00016933793125370233
4.45365047454834,0.02970947221972431,0.00017476339066863406,0.00017476339066863406
4.462534427642822,0.02949717226176521,0.00016772480584859167,0.00016772480584859167
4.471399784088135,0.02986635332121164,0.00017379326105175188,0.00017379326105175188
4.4802470207214355,0.028381498775536522,0.00016672851374721384,0.00016672851374721384
4.489074230194092,0.028737329507165343,0.00016936170280885853,0.00016936170280885853
4.497883319854736,0.027436773691397708,0.00017299051700275886,0.00017299051700275886
4.506674766540527,0.02829592672654013,0.00017171542598929833,0.00017171542598929833
4.515447616577148,0.02865447248259888,0.00017243547919961721,0.00017243547919961721
4.5242018699646,0.028078030445459954,0.00016678768402809808,0.00016678768402809808
4.532938003540039,0.028785217451063647,0.00017706674640416236,0.00017706674640416236
4.541656494140625,0.027210419642459717,0.0001684455163536622,0.0001684455163536622
4.550357818603516,0.028311914156140962,0.00017031695468917746,0.00017031695468917746
4.55903959274292,0.028202777745883107,0.0001697870667327009,0.0001697870667327009
4.567704677581787,0.026567113329163308,0.0001630059016519892,0.0001630059016519892
4.576352119445801,0.02590585673872339,0.00016209524654353847,0.00016209524654353847
4.584982395172119,0.026635862990763256,0.0001646139979368475,0.0001646139979368475
4.593594551086426,0.026993840804535565,0.00017405514541361504,0.00017405514541361504
4.60219144821167,0.02681531619861344,0.0001666324784182828,0.0001666324784182828
4.610772609710693,0.026757853465045632,0.00016971008393384354,0.00016971008393384354
4.619336128234863,0.026380950972760168,0.0001615620635967878,0.0001615620635967878
4.627882480621338,0.026931216695810768,0.00016843899796413803,0.00016843899796413803
4.636412143707275,0.02603317489740611,0.00016638764037924227,0.00016638764037924227
4.644925117492676,0.026820568199941393,0.000169317961913286,0.000169317961913286
4.653420448303223,0.026556245708273057,0.00016268965392338814,0.00016268965392338814
4.661899566650391,0.026199343621733068,0.000162652446637156,0.000162652446637156
4.670362949371338,0.0259497735783146,0.00016106654731392692,0.00016106654731392692
4.678808212280273,0.026740762405170333,0.0001678602045299341,0.0001678602045299341
4.687237739562988,0.026605732447672042,0.00016665093136264257,0.00016665093136264257
4.695651531219482,0.025541781403661815,0.0001605121478761902,0.0001605121478761902
4.704048156738281,0.026613553444255752,0.00016837448191632116,0.00016837448191632116
4.712429046630859,0.02466428610359761,0.00016204662307993758,0.00016204662307993758
4.720794200897217,0.025703817343375967,0.00016743253702362107,0.00016743253702362107
4.729142665863037,0.026413184814973473,0.00016944594470946723,0.00016944594470946723
4.737475395202637,0.026251025366918847,0.00016928152220359655,0.00016928152220359655
4.745792388916016,0.02450910852483168,0.00016478630941192394,0.00016478630941192394
4.754093647003174,0.02552050395183439,0.00016294783905106876,0.00016294783905106876
4.762378692626953,0.024417361067011836,0.00016183674275968793,0.00016183674275968793
4.770649433135986,0.02391246575626767,0.00015567787441024048,0.00015567787441024048
4.778903484344482,0.024056644980440526,0.00016634235029678544,0.00016634235029678544
4.787142276763916,0.02395560340545943,0.00015559176675701778,0.00015559176675701778
4.795366287231445,0.023754785377455487,0.00016035042882795244,0.00016035042882795244
4.803574085235596,0.02467026813814291,0.00016145665803986664,0.00016145665803986664
4.811767101287842,0.023849373971435276,0.00016071474813600446,0.00016071474813600446
4.819945335388184,0.02330422005828871,0.0001596399824925097,0.0001596399824925097
4.828107833862305,0.023963467005447336,0.00016063457845421768,0.00016063457845421768
4.8362555503845215,0.024327557179226595,0.00016815763152179606,0.00016815763152179606
4.844388484954834,0.0252829009281412,0.00016952478683026376,0.00016952478683026376
4.852505683898926,0.024444174900922475,0.0001823028052362443,0.0001823028052362443
4.86060905456543,0.02167142613075096,0.00015011327326346305,0.00015011327326346305
4.868697166442871,0.023773982607878004,0.00016398493087980262,0.00016398493087980262
4.876770496368408,0.021673431523891507,0.00016033838922064174,0.00016033838922064174
4.884830474853516,0.021730748045612407,0.00015298259687127804,0.00015298259687127804
4.892874240875244,0.023420854185088838,0.0001624737959108361,0.0001624737959108361
4.900904655456543,0.02277432051264866,0.00016269664640962265,0.00016269664640962265
4.908920764923096,0.022910199172696162,0.00016231066599864594,0.00016231066599864594
4.916922092437744,0.022805719748757215,0.00015981137316597682,0.00015981137316597682
4.924910068511963,0.02257643604720426,0.00016877185659121247,0.00016877185659121247
4.932882308959961,0.02076667398137955,0.00014980238280951414,0.00014980238280951414
4.940842151641846,0.0212902114974259,0.00015728197974496905,0.00015728197974496905
4.948786735534668,0.022313479934283568,0.00016127034405183529,0.00016127034405183529
4.9567179679870605,0.02028879799206289,0.00014789889009548355,0.00014789889009548355
4.964635848999023,0.02079014519690989,0.00015148727763411845,0.00015148727763411845
4.972538948059082,0.0206880662030014,0.0001523665680536941,0.0001523665680536941
4.980429172515869,0.022053449374841123,0.00016067026451143667,0.00016067026451143667
4.988304615020752,0.021313336751489505,0.00016375248900127467,0.00016375248900127467
4.996167182922363,0.019655528519958484,0.00016571030742963718,0.00016571030742963718
5.004016399383545,0.02144126172159854,0.00015826255366429401,0.00015826255366429401
5.0118513107299805,0.022037160190656015,0.00016294599849313085,0.00016294599849313085
5.019673824310303,0.02029648135397214,0.0001533881686599411,0.0001533881686599411
5.027482032775879,0.020218827651584823,0.00015494408260632357,0.00015494408260632357
5.035277843475342,0.02032147838871483,0.0001592520268802219,0.0001592520268802219
5.043059349060059,0.020383387233243504,0.0001576856541681238,0.0001576856541681238
5.050828456878662,0.020021021284664167,0.0001513577965105211,0.0001513577965105211
5.058584213256836,0.020819699535338975,0.000158427162938275,0.000158427162938275
5.066327095031738,0.02141234047003443,0.00016351750982563702,0.00016351750982563702
5.074057579040527,0.02078240721378053,0.00015884402458758132,0.00015884402458758132
5.081774711608887,0.019780889868597464,0.00015691534372169733,0.00015691534372169733
5.089479923248291,0.020073101465921516,0.0001560607301462747,0.0001560607301462747
5.097171306610107,0.019982771576069952,0.0001576827773777602,0.0001576827773777602
5.104850769042969,0.019029201781136176,0.00016078921826185214,0.00016078921826185214
5.112516403198242,0.019871680943811722,0.0001599236742574239,0.0001599236742574239
5.120170593261719,0.01959708738465538,0.00015863512375118466,0.00015863512375118466
5.127811431884766,0.01962488579727427,0.00016866459020323149,0.00016866459020323149
5.135440349578857,0.019225370957659044,0.00015650136839451208,0.00015650136839451208
5.143055438995361,0.019596058965563434,0.0001606943174232363,0.0001606943174232363
5.150659561157227,0.01902629429605042,0.0001590825241257398,0.0001590825241257398
5.158250331878662,0.01924130739052442,0.00015500242676305114,0.00015500242676305114
5.165829181671143,0.018720504445374975,0.00015695140808221915,0.00015695140808221915
5.17339563369751,0.019959013395833506,0.00016616308659506872,0.00016616308659506872
5.180949687957764,0.01791009522096141,0.00015256254244534794,0.00015256254244534794
5.1884918212890625,0.019004022334564535,0.00016108955885863653,0.00016108955885863653
5.196022033691406,0.017794820927080752,0.000150606347460892,0.000150606347460892
5.2035393714904785,0.018282009521500376,0.0001562001756036833,0.0001562001756036833
5.211045265197754,0.017528006670891817,0.0001483556340219997,0.0001483556340219997
5.218539237976074,0.018043008658276835,0.000152685358138079,0.000152685358138079
5.2260212898254395,0.018209055186559544,0.000154228051409677,0.000154228051409677
5.233490943908691,0.017648121729724523,0.00015011442536366976,0.00015011442536366976
5.240949630737305,0.01861620407361568,0.00016008668943187627,0.00016008668943187627
5.2483954429626465,0.017857247678790038,0.0001527387705470707,0.0001527387705470707
5.255830764770508,0.017765215337377557,0.00015438850705807723,0.00015438850705807723
5.263253211975098,0.019357618623160478,0.00016440952800153092,0.00016440952800153092
5.270665168762207,0.01849653088352541,0.00015987786054801037,0.00015987786054801037
5.278064250946045,0.01703475805829424,0.00014443515020516175,0.00014443515020516175
5.2854533195495605,0.01858415296462179,0.0001645574346829879,0.0001645574346829879
5.292829513549805,0.018991815780011002,0.00027233068580399144,0.00027233068580399144
5.300195217132568,nan,nan,nan
5.307548522949219,nan,nan,nan
5.314891815185547,nan,nan,nan
5.322222709655762,nan,nan,nan
5.329543113708496,nan,nan,nan
5.336851596832275,nan,nan,nan
5.344149589538574,nan,nan,nan
5.351436138153076,nan,nan,nan
5.358711242675781,nan,nan,nan
5.365975856781006,nan,nan,nan
5.373229503631592,nan,nan,nan
5.380472183227539,nan,nan,nan
5.3877034187316895,nan,nan,nan
5.394925117492676,nan,nan,nan
5.402134418487549,nan,nan,nan
5.4093337059021,nan,nan,nan
5.416522026062012,nan,nan,nan
5.423699855804443,nan,nan,nan
5.4308671951293945,nan,nan,nan
5.438023567199707,nan,nan,nan
5.445169925689697,nan,nan,nan
5.452305316925049,nan,nan,nan
5.459430694580078,nan,nan,nan
5.4665446281433105,nan,nan,nan
5.473649024963379,nan,nan,nan
5.480742931365967,nan,nan,nan
5.487826347351074,nan,nan,nan
5.494900226593018,nan,nan,nan
5.501962661743164,nan,nan,nan
5.5090155601501465,nan,nan,nan
5.516058444976807,nan,nan,nan
5.52398157119751,nan,nan,nan
5.531002998352051,nan,nan,nan
5.538013935089111,nan,nan,nan
5.545015335083008,nan,nan,nan
5.552005767822266,nan,nan,nan
5.558987140655518,nan,nan,nan
5.565958499908447,nan,nan,nan
5.572919845581055,nan,nan,nan
5.579872131347656,nan,nan,nan
5.586812973022461,nan,nan,nan
5.593745231628418,nan,nan,nan
5.600667953491211,nan,nan,nan
5.607580184936523,nan,nan,nan
